{
    "login": "belajarkode",
    "id": 12345678,
    "node_id": "MDEy0k9yZ2FuaXphdGlvbjE2MjU0NjAy",
    "avatar_url": "https://external-content.duckduckgo.com/iu/?u=http%3A%2F%2F4.bp.blogspot.com%2F-hJ36gR_VyPs%2FT6XVqMoOOpI%2FAAAAAAAAAT4%2FWgDiWsLN4hg%2Fs1600%2FUDINUS.jpg&f=1&nofb=1",
    "gravatar_id": "",
    "url:": "https://external-content.duckduckgo.com/iu/?u=http%3A%2F%2F4.bp.blogspot.com%2F-hJ36gR_VyPs%2FT6XVqMoOOpI%2FAAAAAAAAAT4%2FWgDiWsLN4hg%2Fs1600%2FUDINUS.jpg&f=1&nofb=1",
    "type": "Study",
    "site_admin": false,
    "name": "Belajar Kode",
    "company": null,
    "location": "Semarang, Indonesia",
    "email": "masaboe@dinustek.com",
    "hireable": null,
    "bio": null,
    "followers": 0,
    "following": 0,
    "created_at": "2020-12-23T07:00:00Z",
    "updated_at": "2020-12-23T07:00:00Z"
}